id;nombre;apellido;fechanacimiento;edad;direccion;email;numero
1;so blond stained;phew;sauerkraut hm egg;viciously remark;metabolite considering fill;Yolanda_NavarroAguilera@hotmail.com;rich
2;see advocate;by huzzah;gray hence phooey;whether;within proselytise outlandish;Sofia_PabonCalderon12@gmail.com;buck
3;noisily dapper dreary;quirkily;sardonic;foodstuffs innovation sock;sense;Rosario_EsquibelOlmos51@gmail.com;between
4;colorfully;forswear phew;closed not mooch;trolley moisten crazy;brr;Carmen1@gmail.com;brandish hyphenation
5;upward;rim apud gallery;graft schedule;kookily reconsideration um;implode;Felipe.VelascoDominguez@yahoo.com;pace
6;carelessly tank;airbrush travel besides;advertisement amidst imaginary;upon sometimes instead;worriedly;Homero_NavarreteRodarte@hotmail.com;like lest how
7;regarding without;upbeat convoke dimly;till;plus for;shell likewise;Gilberto35@hotmail.com;firsthand upside-down safeguard
8;cautiously gladly coal;hence frequent;elegant astride;hyphenation;what;Diana.SedilloMayorga@gmail.com;unless quarrelsome paintwork
9;below cap;fluff sleepily outside;exalted realistic;confide;ew illiterate;Barbara76@gmail.com;duh meanwhile up
10;oof version gape;openly as musty;hence;depute now;down;Arturo_AlcantarToledo@yahoo.com;mysteriously wetly
